CNN_Training_Predictions	ET_Training_Predictions	SVM_Training_Predictions	gold	names	customSortScore	group	modelSortScore	PyConText_Training_Predictions	RealSVMScore
1	1	1	1	8746	18.9955633445	3	157.44827559	1.0	1.28141553179
0	1	1	1	800	202.674860206	3	280.986587502	1.0	4.07966281555
0	1	1	1	731376	80.4557375662	3	240.956285566	1.0	5.42212386643
1	1	1	1	727171	76.5002458189	3	238.112832974	1.0	1.68451660149
1	1	1	1	723727	14.896851522	3	104.634838592	1.0	0.671363329031
1	1	1	1	723572	40.3571440625	3	164.416744505	1.0	1.00010331889
1	1	1	1	723540	109.46361903	3	236.955347064	1.0	4.42294393998
0	1	1	1	709025	52.4699756395	3	100.482622109	1.0	0.518156850436
1	1	0	1	702778	9.73762451444	3	41.6460728284	1.0	-0.0213336678514
1	1	1	1	702187	22.5828578228	3	37.834505573	1.0	0.494105401866
1	1	1	1	699322	22.9459057382	3	260.763389646	1.0	0.99988418066
0	1	1	1	698572	88.4652594878	3	177.186056523	1.0	2.57637715955
1	1	1	1	698102	151.841593756	3	355.459691915	1.0	7.99753988327
1	1	0	1	693501	14.8384507196	3	102.394748094	0.0	-0.571751868025
1	1	0	1	321942	19.0675101635	3	70.836205658	1.0	-0.516282485085
0	1	1	1	671753	70.0379175198	3	134.091932265	1.0	1.9182640051
0	1	1	1	558637	37.1762087114	3	112.511072596	1.0	3.70614408334
1	1	1	1	684054	54.8474597464	3	270.717457335	1.0	2.97763070752
1	1	1	1	627975	13.4520475087	3	58.1980557298	1.0	0.783740845847
0	1	1	1	676957	49.8636601207	3	97.6564158433	1.0	2.72082831042
1	1	1	1	675555	28.023692155	3	206.622625639	1.0	3.16822065244
1	1	1	1	52604	16.1691745337	3	83.9816545995	1.0	0.403640260994
1	1	1	1	674665	143.113380717	3	99.399880493	1.0	1.95097550297
1	1	1	1	672157	69.6560172187	3	129.30158027	1.0	1.88325826424
1	1	1	1	4845	70.78024006	3	179.620195211	1.0	1.59830763719
1	1	1	1	671990	89.2402001647	3	209.707686866	1.0	1.00001522789
1	1	1	1	14032	49.4614815108	3	159.578480251	1.0	0.999964715834
0	1	0	1	655156	6.64986756998	3	41.8829334231	1.0	-0.782271047863
0	1	0	1	391001	2.52760120442	3	20.1614079792	1.0	-1.95727011918
1	1	1	1	646511	33.5115622269	3	87.7670557739	1.0	1.00000455805
1	1	0	1	633993	6.58492879689	3	40.2320795794	1.0	-1.04756342567
1	1	1	1	625868	24.57890873	3	4.85843443873	1.0	0.999446800472
1	1	0	1	621344	7.9726433462	3	34.6286525118	1.0	-0.401086664238
1	1	0	1	605293	7.51886605402	3	33.6748943258	0.0	-0.22878337215
1	1	1	1	24192	80.8154678003	3	219.503534998	1.0	1.6664830848
1	1	1	1	451854	542.001110106	3	717.392045241	1.0	7.13169406519
1	1	0	1	593031	9.79352699027	3	24.1406082898	1.0	-0.0693218784518
0	1	1	1	54044	16.9525886342	3	59.7761761479	1.0	0.953991618468
1	1	1	1	583368	210.882023705	3	711.762460591	1.0	7.34315248192
1	1	1	1	9249	87.4897937561	3	330.263174294	1.0	1.37707529761
1	1	1	1	1018	62.1967701273	3	68.2910291661	1.0	5.91291138528
1	1	0	1	581404	24.0631418407	3	101.457079335	1.0	-0.866321548203
1	1	1	1	566014	133.116977178	3	418.054039721	1.0	6.16111071133
1	1	1	1	565904	41.4086668355	3	272.82563439	1.0	0.999915766435
0	1	1	1	561328	46.4187470196	3	185.730131607	1.0	3.52218727769
1	1	1	1	10645	47.991638429	3	164.651502672	1.0	1.7031106795
1	1	1	1	558306	102.107395281	3	200.22204628	1.0	2.10799109257
1	1	1	1	555782	73.9988254084	3	298.098652133	1.0	1.23363012482
1	1	1	1	11228	18.4623016938	3	65.4339681395	1.0	0.150786931781
1	1	1	1	440494	20.6526117125	3	62.5608821172	1.0	0.18366252409
0	1	1	1	636941	84.3423682848	3	205.896630839	1.0	1.18254045198
1	0	1	1	553754	45.5407618247	3	42.7555506939	1.0	3.11026022897
1	0	1	1	15118	26.4837785879	3	53.3279109538	1.0	0.321532065774
1	1	1	1	551718	68.4747227172	3	80.5037366006	1.0	2.66874278227
1	1	0	1	546266	6.72250556783	3	117.117468383	1.0	-0.993170026247
0	1	1	1	553565	31.4632093497	3	43.7341330797	1.0	2.003271023
0	1	1	1	542386	50.3609694252	3	101.352682195	1.0	3.52150267308
1	1	1	1	54139	560.592827006	3	1240.64141142	1.0	8.62164592478
1	1	1	1	395222	52.9009785095	3	115.956222455	1.0	3.11129978257
1	1	1	1	539804	31.170453045	3	158.901100969	1.0	0.787520272534
1	1	1	1	22142	38.4482998247	3	237.523586053	1.0	0.661332331207
1	1	1	1	526717	43.6327391427	3	73.7784824843	1.0	1.50954826387
1	1	1	1	705447	10.8012334152	3	103.626666205	1.0	0.498700367422
0	1	1	1	11034	80.2273314465	3	236.275079977	1.0	1.56310932175
0	1	0	1	346086	9.13970907453	3	65.065122024	1.0	-0.214680096767
0	1	1	1	520437	8.89675769105	3	43.1548554207	1.0	0.123092333051
1	1	1	1	51363	141.41431595	3	472.083241185	1.0	6.90599781297
1	1	1	1	499175	108.538931252	3	292.958454277	1.0	6.99021997832
1	1	1	1	712974	64.3880098554	3	346.75168406	1.0	0.999687320561
1	1	0	1	676179	11.151512966	3	111.41171184	1.0	-0.21922954655
1	1	1	1	494283	15.7061750372	3	140.434819177	1.0	0.290507081986
0	1	1	1	6919	32.2932084309	3	241.548685485	1.0	0.55113898334
1	1	1	1	379885	133.059736024	3	445.270253797	1.0	3.38757576187
1	1	1	1	493902	10.2323829092	3	69.6284011905	0.0	0.99975278629
1	1	1	1	492275	17.6861483222	3	150.461927096	1.0	1.32145477224
1	1	1	1	47201	63.2324559355	3	171.333720783	1.0	0.9493840974
1	1	1	1	490446	16.947653724	3	213.307479114	1.0	2.84139395889
1	1	1	1	622913	94.5103163154	3	219.768649759	1.0	2.42704979774
1	1	1	1	489223	9.36159039602	3	69.3206199216	1.0	0.351290712811
0	1	1	1	717023	10.7370052511	3	-0.153297511163	1.0	1.26472204755
1	1	1	1	48412	34.1915054239	3	240.492547234	1.0	1.73539804944
1	1	1	1	18506	21.5602639774	3	55.3106134789	1.0	0.999653315875
0	1	1	1	563256	95.3961456585	3	152.924440006	1.0	1.21550994339
1	1	1	1	482802	6.79237052749	3	81.3581880319	0.0	0.950027829227
1	1	1	1	622596	35.5523610981	3	317.372165535	1.0	3.24218353639
0	1	0	1	47451	37.2921729882	3	257.122308543	0.0	-0.1160052927
1	1	0	1	472308	16.1655710604	3	124.358063566	1.0	-0.532413957981
0	1	1	1	569692	102.976636003	3	161.657389995	1.0	1.30012791885
0	1	1	1	459942	9.91992372935	3	67.9278325751	1.0	0.19492551834
1	1	0	1	459701	9.90347983975	3	142.259864624	1.0	-1.12124629277
0	1	1	1	451902	69.6560172187	3	129.30158027	1.0	0.999544891981
0	0	1	1	623276	60.0653509437	3	213.720596231	1.0	1.3473371805
1	1	1	1	449640	258.520082762	3	561.14018356	1.0	7.68483415932
1	1	1	1	44125	39.2417198917	3	50.2905195178	1.0	1.03655977708
1	1	0	1	14361	9.01700195695	3	88.61025947	0.0	-0.423411325324
0	1	1	1	44094	47.319381573	3	259.816054362	1.0	3.51581988221
1	1	1	1	374983	58.0899371119	3	134.657551226	1.0	0.999560928417
1	1	1	1	44993	33.0012909396	3	256.446846559	1.0	1.00040204266
1	1	1	1	439881	61.5863002517	3	28.9889462812	1.0	1.93717055693
1	1	0	1	428267	9.1385519853	3	79.6699210134	1.0	-0.524226783872
0	1	1	1	611982	48.2741169176	3	70.5011277399	1.0	4.56179129815
0	1	1	1	622615	10.2807477459	3	79.3199503631	1.0	0.0595542275987
1	1	1	1	424113	24.7285506181	3	127.617926381	1.0	2.15581036621
0	1	1	1	350270	49.3828153395	3	177.844925691	1.0	6.74129346051
1	1	1	1	11406	45.602647807	3	103.304216645	1.0	0.999629818917
1	1	1	1	422241	38.375306354	3	204.025006238	1.0	2.38993004205
1	1	0	1	414923	16.7121856457	3	51.8437270043	1.0	-0.0560763076588
1	1	1	1	617001	35.1126807076	3	41.8548626149	1.0	4.40594918474
0	1	1	1	545388	15.8103360045	3	46.7121728359	0.0	0.999820942302
0	1	0	1	406719	6.20671756035	3	43.3000928805	0.0	-1.31283811827
0	1	1	1	402821	7.45085638999	3	5.07346547014	1.0	0.446869059254
0	1	1	1	589712	36.3309589436	3	76.0744360835	1.0	1.45255247617
0	1	1	1	50730	71.4156949637	3	165.717631123	1.0	1.73178492126
1	1	1	1	412080	88.0258560755	3	254.423541287	1.0	1.83100319992
1	1	1	1	376865	162.858620574	3	495.667691448	1.0	6.73403156351
1	1	1	1	362930	25.8979040348	3	81.213850565	1.0	1.24200531197
0	1	0	1	40273	13.081881573	3	52.2057135448	1.0	-1.01173682279
1	1	0	1	351219	14.7066900351	3	106.234760039	1.0	-0.373914036212
0	1	0	1	13656	31.3415948568	3	80.6073511318	1.0	-0.0108916064591
1	1	1	1	402459	119.296501623	3	505.973072888	1.0	4.60828971806
1	1	0	1	42522	14.7005060221	3	173.106909276	1.0	-1.484024935
0	1	1	1	695065	48.2741169176	3	70.5011277399	1.0	1.84442478407
1	1	1	1	402692	39.700099937	3	253.430994742	1.0	3.86708962026
0	1	1	1	401131	12.4175261969	3	86.4502302467	1.0	0.293959023694
1	1	0	1	54182	9.16254059661	3	126.233400098	0.0	-0.990990035121
1	1	1	1	393043	59.960100457	3	209.763186921	1.0	3.88834032709
1	1	1	1	677300	83.6299267858	3	165.417570715	1.0	3.64428688836
1	1	1	1	38278	18.1955852619	3	82.0337704594	1.0	0.155173769883
1	1	0	1	37706	22.8145396758	3	26.8356892006	0.0	-0.554621122869
1	1	1	1	382586	56.1610208685	3	129.15282538	1.0	0.538068426994
0	1	1	1	380283	23.8868270869	3	113.600332213	1.0	1.41597346769
1	1	1	1	40590	114.898199087	3	225.565007631	1.0	1.09259521885
1	1	1	1	580701	25.7296850449	3	111.597786773	1.0	2.40231101121
1	1	1	1	433330	32.2109946702	3	71.8881571526	1.0	1.03551265032
1	1	1	1	350023	50.3775496268	3	35.4245028244	1.0	1.82868375902
1	1	0	1	424080	29.3725687606	3	202.14583027	1.0	-0.268826544218
0	1	1	1	25718	17.4373490678	3	86.2397557295	1.0	0.597035982526
1	1	1	1	37490	198.171587521	3	0.111262786126	0.0	0.999821459292
1	1	1	1	326663	42.4236289384	3	209.335966226	1.0	3.50895493503
1	1	1	1	414067	116.226775559	3	503.879139373	1.0	5.19924314715
1	1	0	1	371825	6.35806847329	3	46.098882684	1.0	-0.7494317543
0	1	0	1	34822	25.7759981271	3	63.5673028109	1.0	-0.417559817252
1	1	1	1	607244	123.37372685	3	377.31835335	1.0	1.0001413843
1	1	1	1	693716	39.2044892897	3	263.975635197	1.0	1.94049275127
0	1	1	1	367814	24.3741926169	3	72.2153936584	1.0	0.112752810148
1	1	0	1	16730	9.4167909639	3	43.8945621729	1.0	-0.391197952125
1	1	1	1	36446	142.766826988	3	285.689759768	1.0	5.97214678402
1	1	0	1	385405	10.0124496893	3	69.4760466422	1.0	-0.231639199794
1	1	0	1	27299	13.9244702799	3	101.453979367	1.0	-0.601471226237
1	1	1	1	706656	15.5952518645	3	112.456147692	1.0	0.42352863843
1	1	1	1	354118	70.8965530593	3	306.714939534	1.0	3.201552155
1	1	1	1	598362	63.7301862126	3	296.335327504	1.0	3.33790182907
1	1	1	1	2490	362.643330063	3	364.190536812	1.0	5.95191607177
1	1	0	1	603706	27.9071721782	3	44.8858952531	1.0	-0.289227854787
1	1	1	1	353252	128.364990192	3	257.958561709	1.0	7.8921758966
0	1	1	1	546985	36.6198728309	3	203.285421174	1.0	1.00033513036
0	1	1	1	348076	22.8232533783	3	23.679003398	1.0	0.258845382564
1	1	1	1	8232	60.6061354964	3	167.722261196	1.0	2.45948496147
1	1	1	1	715171	80.6718084546	3	249.159517077	1.0	3.94022000587
1	1	0	1	390098	10.1251316651	3	30.8637917832	1.0	-0.530624587482
1	1	1	1	23130	328.668366026	3	447.603275717	1.0	5.83810524628
1	0	0	1	348419	12.9289492141	3	78.4429881198	1.0	-0.600338059462
1	1	1	1	344298	17.632543936	3	214.893847353	1.0	0.886297057117
1	1	1	1	19578	58.2243677731	3	155.428716703	1.0	3.01339924837
1	1	1	1	10992	122.351183423	3	213.351499677	1.0	0.999893827157
1	1	0	1	2384	86.3866203906	3	387.301891589	1.0	-0.439645659161
1	1	0	1	342967	10.2611240236	3	48.2501522033	1.0	-0.455681196845
1	1	0	1	335844	7.59443210965	3	37.6966658129	1.0	-0.426844499098
0	1	1	1	321198	8.14931143192	3	41.1991781104	1.0	1.00011268541
1	1	1	1	29830	145.296458361	3	256.264365552	1.0	4.99681037256
1	1	1	1	664480	62.2084780288	3	99.5057119079	1.0	0.333016058376
1	1	1	1	4005	20.7980427278	3	126.603433508	1.0	2.1048476979
0	1	1	1	11779	76.3454129875	3	59.651657011	1.0	1.54748249155
1	1	1	1	28634	36.5498698738	3	194.127491308	1.0	1.56584411574
1	1	0	1	26828	10.8403741748	3	62.7203467325	1.0	-0.818513223146
0	1	0	1	321901	11.7728043863	3	128.848029889	0.0	-1.03347454076
0	1	1	1	365943	64.6353163154	3	110.492471209	1.0	2.39791448577
1	1	0	1	11387	12.8297862033	3	76.0265095598	1.0	-0.113348155407
0	1	1	1	1280	9.73798449612	3	44.6299206458	0.0	4.00365082008
1	1	1	1	16399	250.28783418	3	292.601028021	1.0	5.77412281654
1	1	0	1	5205	582.217076938	3	160.867336184	1.0	-0.466616664746
1	1	0	1	39496	20.9924693573	3	121.391075219	1.0	-0.969755889013
1	1	1	1	18973	132.71942018	3	177.584236265	1.0	1.7840955053
1	1	1	1	647348	112.663968609	3	139.124461832	1.0	2.68021277329
1	1	0	1	23962	34.5569058691	3	108.589068086	1.0	-0.389097855884
1	1	0	1	428510	10.3378435908	3	94.0602641807	1.0	-0.645277784984
1	1	1	1	1147	22.5409323149	3	111.858326423	1.0	0.160817602112
1	1	0	1	2611	65.5742072271	3	182.024865474	1.0	-1.42014590864
0	1	1	1	13516	61.451955386	3	143.292953603	1.0	1.51913193607
1	1	0	1	475181	8.73612932505	3	148.730236298	1.0	-0.155498665071
0	1	0	1	403123	19.4286740446	3	52.8282990999	0.0	-1.72314403637
1	1	0	1	27232	35.1469940506	3	221.385097579	1.0	-1.88399150958
0	1	1	1	559223	36.8976885281	3	198.163814953	1.0	2.71153100356
1	1	1	1	472723	52.8554999374	3	28.989406055	1.0	0.345147858121
1	1	1	1	11515	117.352715438	3	167.608799531	1.0	6.03857243954
1	1	1	1	483461	5.19331995093	3	38.4570320202	1.0	0.102330754717
1	1	1	1	15608	33.5751137019	3	125.827181636	1.0	3.55287557683
1	1	1	1	601520	38.7191009303	3	103.023009136	1.0	0.405023920707
1	1	0	1	2243	8.21631968734	3	32.439414751	1.0	-0.81576813254
0	1	1	1	502657	165.275389265	3	311.465530604	1.0	6.16497596073
0	1	1	1	4119	42.2536881609	3	64.5442794274	1.0	2.50260585003
1	1	1	1	20658	36.9603073589	3	83.5705265876	1.0	0.999780944004
1	1	1	1	520334	20.0336852505	3	118.448537539	1.0	2.01264014616
1	1	0	1	10860	10.6278978995	3	73.9930088229	0.0	-0.685188462701
1	1	0	1	694842	4.05520240883	3	39.3228159585	1.0	-1.48462434415
1	1	1	1	587238	80.1683778653	3	178.873181956	1.0	2.34212989511
1	1	1	1	47546	472.98915879	3	698.224821398	1.0	4.92222649689
0	1	0	1	11117	20.6727561445	3	153.275598949	0.0	-0.652922653521
1	1	0	1	9783	19.7217760551	3	106.123913391	1.0	-0.759669735976
1	1	1	1	435210	32.3350674699	3	125.625503321	1.0	0.216494691674
0	1	0	1	367244	4.67911635593	3	24.1386849013	1.0	-1.22001708154
0	1	1	1	29192	40.5534070578	3	71.1186882876	1.0	1.00003071118
1	1	1	1	5849	57.4950628233	3	107.945390188	1.0	0.944041235012
0	1	1	1	11109	31.3889441466	3	73.7774897822	1.0	0.999868732134
0	1	1	1	10642	73.9856218519	3	133.239710283	1.0	4.35525007038
1	1	1	1	34652	49.9424693573	3	286.885578389	1.0	1.0001455745
1	1	1	1	542043	38.9796212333	3	197.879702092	1.0	1.50498706111
1	1	1	1	711992	44.3571251409	3	60.9118427058	1.0	0.510971750751
1	1	1	1	52930	12.1510274417	3	120.983016315	1.0	0.00893926188244
0	1	1	1	457302	8.60024635786	3	27.3028867505	1.0	1.00625651749
1	1	0	1	6864	599.900272326	3	-119.030565401	1.0	-1.31909622961
0	1	1	1	371824	139.011075052	3	181.431481827	1.0	1.00025747335
0	1	1	1	14829	49.8353830274	3	130.681709651	1.0	1.60195474321
1	1	1	1	665057	29.6310358791	3	231.581355744	1.0	0.455882604742
1	0	0	1	41391	11.0343771858	3	95.659883312	0.0	-1.53289955124
0	0	0	0	9992	12.1915660452	1	43.7783181329	1.0	-0.408444969795
0	0	0	0	9649	11.4992054199	1	102.190319275	0.0	-1.83567282144
0	0	0	0	9331	1.0	0	1.0	0.0	-1.83815342602
0	0	0	0	8349	1.76380060221	1	10.5807039896	0.0	-1.54252846816
0	0	0	0	8081	3.67330210773	1	34.5324639637	0.0	-1.82885926645
0	0	0	0	7546	21.9015783168	1	73.5559143113	1.0	-0.559413028611
0	0	0	0	733248	6.42330210773	1	41.8916898173	0.0	-1.43898377829
0	0	0	0	732168	4.10879311097	1	39.3421031414	0.0	-1.57224121225
0	0	0	0	724519	2.14570090331	1	15.3710559844	0.0	-1.83815342602
0	0	0	0	722825	2.52760120442	1	20.1614079792	0.0	-2.16057060549
0	1	0	0	719612	28.4550345558	1	147.889004158	1.0	-0.140789590055
0	0	0	0	718668	3.67330210773	1	34.5324639637	0.0	-1.74097586104
0	0	0	0	712144	5.58280361325	1	58.4842239377	0.0	-1.63863246667
0	0	0	0	711285	1.76380060221	1	10.5807039896	0.0	-1.83815342602
0	0	0	0	711096	2.14570090331	1	15.3710559844	0.0	-1.83815342602
0	0	0	0	709834	4.42951934872	1	28.8763280306	0.0	-1.27694007949
0	0	0	0	704821	5.20925460867	1	61.6684648841	0.0	-1.67735560192
0	0	0	0	697369	1.3819003011	1	5.79035199481	0.0	-1.83815342602
0	0	0	0	695809	2.90950150552	1	24.9517599741	0.0	-1.74190006944
0	0	0	0	694754	2.14570090331	1	15.3710559844	0.0	-2.37432283986
0	1	1	0	689517	22.8930761467	1	135.695655836	0.0	0.120193555091
0	1	0	0	688144	9.25037778553	1	26.8901094128	0.0	-1.00001753869
0	0	0	0	687558	4.05520240883	1	39.3228159585	0.0	-1.76225919008
0	0	0	0	686432	1.0	0	1.0	0.0	-1.83815342602
0	1	0	0	686056	7.9726433462	1	34.6286525118	0.0	-1.41193609552
0	1	0	0	684548	16.5311231271	1	44.3462389569	0.0	-1.00010745059
0	0	0	0	680357	5.96470391435	1	63.2745759325	0.0	-1.5821943327
0	0	0	0	680107	4.93800799008	1	87.2475356724	0.0	-1.45670026892
0	0	0	0	676430	8.69041529721	1	92.7525036149	0.0	-1.03497148356
0	0	0	0	6764	5.63639431539	1	58.5035111206	0.0	-1.76563454717
0	0	0	0	674321	2.14570090331	1	15.3710559844	0.0	-2.36523221395
0	1	0	0	670961	18.5898311329	1	152.496581429	0.0	-0.379753013955
0	0	0	0	670572	2.90950150552	1	24.9517599741	0.0	-1.7625839977
0	0	0	0	670038	2.90950150552	1	24.9517599741	0.0	-1.6515235985
0	0	0	0	668553	3.29140180662	1	29.7421119689	0.0	-1.49493464886
0	0	0	0	666136	2.14570090331	1	15.3710559844	0.0	-1.79740026878
0	0	0	0	663668	3.68165340425	1	42.5070569049	0.0	-1.23293157698
0	0	0	0	662377	3.29140180662	1	29.7421119689	1.0	-1.76224954195
0	0	0	0	656582	9.31663568104	1	80.8262479461	0.0	-1.42260650566
1	0	0	0	654960	12.2494702799	1	95.3707827941	0.0	-1.80210932471
0	0	0	0	652213	3.67330210773	1	34.5324639637	0.0	-1.83815342602
0	0	0	0	651981	3.67330210773	1	34.5324639637	0.0	-2.04432375377
0	0	0	0	651622	2.90950150552	1	24.9517599741	0.0	-1.80164905329
0	0	0	0	649505	11.7956231053	1	133.289942535	0.0	-0.99958041855
0	0	0	0	649304	5.2176059052	1	69.6430578254	0.0	-1.39119717045
0	0	0	0	646584	3.67330210773	1	34.5324639637	0.0	-1.83815342602
0	0	0	0	646048	2.52760120442	1	20.1614079792	0.0	-1.83815342602
0	1	0	0	645441	7.5907430451	1	29.838300517	0.0	-0.581018013291
0	0	0	0	644194	12.92473514	1	67.0119687934	1.0	-0.999697237609
0	0	0	0	711393	1.0	0	1.0	0.0	-1.83815342602
0	1	0	0	644172	11.027845755	1	72.9514684703	0.0	-1.02109450897
0	0	1	0	643519	13.2667316392	1	0.755966109749	1.0	0.968565661908
0	0	0	0	641749	6.24521258977	1	70.3494698041	0.0	-0.795385293872
0	0	0	0	641506	4.43710270994	1	44.1131679533	0.0	-1.82444903987
0	0	0	0	640625	4.1171444075	1	47.3166960826	0.0	-1.09997400569
0	0	0	0	637262	3.29140180662	1	29.7421119689	0.0	-1.73404088555
0	0	0	0	637126	1.0	0	1.0	0.0	-1.83815342602
0	0	0	0	637099	7.30665340425	1	57.4710402735	0.0	-0.164593476883
0	0	0	0	630412	6.50943656151	1	74.6355882422	0.0	-1.91160324732
0	0	0	0	630040	2.14570090331	1	15.3710559844	0.0	-1.83815342602
0	0	0	0	684228	4.43710270994	1	44.1131679533	0.0	-2.21729602912
1	0	0	0	629394	5.04140180662	1	75.5766611775	0.0	-0.999791930392
1	0	0	0	627804	6.51674087037	1	51.9270386842	0.0	-1.34848114716
0	0	0	0	626680	3.34499250876	1	29.7613991517	0.0	-1.55514298384
0	0	0	0	626375	26.3779818932	1	107.281838233	0.0	-1.00046426609
0	0	0	0	632095	10.3606026184	1	81.0091137479	0.0	-0.999754511413
0	0	0	0	624298	6.36330680851	1	84.0141138098	0.0	-1.47596151368
0	0	0	0	624058	1.76380060221	1	10.5807039896	0.0	-1.83815342602
0	0	0	0	621548	6.73231891421	1	62.7556762722	0.0	-1.32397210259
0	0	0	0	618739	4.93800799008	1	87.2475356724	0.0	-1.47525873195
0	1	0	0	618378	5.06101665704	1	28.9290368961	0.0	-1.0811590312
0	0	0	0	618339	1.3819003011	1	5.79035199481	0.0	-1.83815342602
0	0	0	0	718138	2.52760120442	1	20.1614079792	0.0	-1.95925751229
0	0	0	0	616049	3.29975310315	1	37.7167049101	0.0	-1.9201477283
0	0	0	0	615629	2.90950150552	1	24.9517599741	0.0	-2.02568776444
0	0	0	0	610954	6.76190970267	1	104.753651687	0.0	-0.999739543764
0	0	0	0	610736	2.90950150552	1	24.9517599741	0.0	-2.11175667786
0	1	0	0	609164	8.88468190004	1	76.9487844895	0.0	-1.48295559596
0	1	0	0	8706	6.966829098	1	45.0224315742	0.0	-1.53474092677
0	0	0	0	611424	6.35495551198	1	76.0395208686	0.0	-1.62444320298
0	0	0	0	608102	4.06355370536	1	47.2974088997	0.0	-1.8013834653
0	0	0	0	607848	5.69799346575	1	59.1617355224	0.0	-1.9908066552
0	1	0	0	604886	27.5336231736	1	48.0701361996	1.0	-0.904739777653
0	0	0	0	700208	4.05520240883	1	39.3228159585	0.0	-1.32188592998
0	0	0	0	603668	2.52760120442	1	20.1614079792	0.0	-1.98936358984
1	0	0	0	602842	5.58280361325	1	58.4842239377	0.0	-1.89130211617
0	0	0	0	7846	2.90950150552	1	24.9517599741	0.0	-1.83815342602
0	0	0	0	598823	2.90950150552	1	24.9517599741	0.0	-1.67132787343
1	0	0	0	598112	4.81900301104	1	48.9035199481	0.0	-2.11299467927
0	0	0	0	593507	3.29140180662	1	29.7421119689	0.0	-1.7335437211
0	0	0	0	592212	4.10879311097	1	39.3421031414	0.0	-1.69216643544
0	0	0	0	591073	3.29140180662	1	29.7421119689	0.0	-1.75912232968
1	1	0	0	589254	5.97616817219	1	41.3085306892	1.0	-0.999908578835
0	0	0	0	587911	2.77614628122	1	22.895339769	0.0	-2.47025111957
0	0	0	0	587452	4.43710270994	1	44.1131679533	0.0	-2.3794089261
0	0	0	0	605210	5.05732759248	1	21.0706716002	0.0	-1.42618802159
0	0	0	0	585420	13.7790926577	1	89.1849029483	1.0	-1.41471908415
0	0	0	0	585375	19.5098904727	1	152.182592745	1.0	-0.958515739486
0	0	0	0	681471	4.69399908327	1	54.8216926843	0.0	-1.50702314536
0	1	0	0	583636	7.20884274399	1	25.0479485222	0.0	-0.806210673766
0	1	0	0	587741	13.1400914329	1	43.1754487378	1.0	-1.00009601727
0	0	0	0	582899	5.49281859572	1	25.8803107778	0.0	-1.28180743127
0	1	0	0	582784	9.0226539415	1	101.468565051	1.0	-0.819983631456
0	0	0	0	582205	2.90950150552	1	24.9517599741	0.0	-1.97325967609
0	0	0	0	578484	1.76380060221	1	10.5807039896	0.0	-1.83815342602
0	0	0	0	571254	1.0	0	1.0	0.0	-1.83815342602
0	0	0	0	570555	2.52760120442	1	20.1614079792	0.0	-2.17034045307
0	0	0	0	634182	5.11080210773	1	44.6875706873	0.0	-1.76844744417
0	0	0	0	5698	11.0901799351	1	125.607013414	0.0	-1.49369172688
0	0	0	0	567505	21.7491823419	1	41.3729552276	0.0	-1.00008198863
0	0	0	0	563987	2.14570090331	1	15.3710559844	0.0	-1.83815342602
0	0	0	0	563257	3.67330210773	1	34.5324639637	0.0	-1.83815342602
0	0	0	0	8927	5.74357571967	1	58.5420854864	0.0	-1.66304976726
0	0	0	0	559602	2.77614628122	1	22.895339769	0.0	-1.92509943399
1	0	0	0	559562	16.6958894727	1	73.0570055803	0.0	-0.568711587423
0	1	0	0	557792	5.97775287277	1	21.7385092131	0.0	-0.969974720553
0	0	0	0	557088	3.29140180662	1	29.7421119689	0.0	-1.71090615876
0	0	0	0	557066	2.14570090331	1	15.3710559844	0.0	-1.83815342602
0	0	0	0	556842	18.4082201416	1	73.8712870674	0.0	-0.860726422952
0	0	0	0	554104	6.72850451656	1	72.8552799222	0.0	-1.76435742181
0	0	0	0	553826	2.14570090331	1	15.3710559844	1.0	-1.43657285318
0	1	0	0	54821	14.5387469029	1	146.754136124	0.0	-0.830710592319
0	0	0	0	545553	8.64635731861	1	104.781632837	0.0	-1.63812363305
0	0	0	0	545042	2.14570090331	1	15.3710559844	0.0	-1.99780036289
0	0	0	0	542107	42.1547070867	1	321.625009485	1.0	-0.999763145062
0	0	0	0	541739	2.90950150552	1	24.9517599741	0.0	-1.83815342602
0	0	0	0	541543	4.10879311097	1	39.3421031414	0.0	-1.62871337816
0	0	0	0	557069	1.76380060221	1	10.5807039896	0.0	-1.96652402601
0	0	0	0	540328	5.58280361325	1	58.4842239377	0.0	-1.59419101719
0	1	0	0	683651	7.3487293991	1	49.812783569	0.0	-1.450510723
0	0	0	0	539900	4.81900301104	1	48.9035199481	0.0	-1.91937608278
0	0	0	0	539767	4.68564778674	1	46.847099743	0.0	-1.464471712
0	0	0	0	53826	4.05520240883	1	39.3228159585	0.0	-1.83815342602
0	1	0	0	537250	11.139346543	1	65.770614759	0.0	-1.47404476893
0	0	0	0	535807	2.52760120442	1	20.1614079792	0.0	-1.83815342602
0	0	0	0	535432	7.46391925161	1	50.4902951537	1.0	-1.45702734706
0	0	0	0	535175	7.50900771182	1	98.3851697942	0.0	-1.67401191092
0	1	0	0	53487	8.11253000131	1	59.3934875586	0.0	-1.78374599093
0	1	0	0	534659	3.91162668916	1	6.69961561572	0.0	-1.74677412979
0	1	0	0	52317	5.82112819468	1	30.6513755898	1.0	-1.56869087583
0	0	0	0	613112	13.0029402682	1	61.4233240103	0.0	-1.00017720175
0	0	0	0	522816	2.52760120442	1	20.1614079792	0.0	-1.83815342602
0	0	0	0	521509	2.91785280205	1	32.9263529153	0.0	-1.91368457051
0	0	0	0	521267	2.52760120442	1	20.1614079792	0.0	-2.28658637559
0	1	0	0	52070	20.2440655872	1	63.0837658705	0.0	-1.44581228431
0	0	0	0	518960	2.14570090331	1	15.3710559844	0.0	-1.83815342602
1	0	0	0	517721	21.5885682284	1	53.1195477678	0.0	-1.40134756379
0	0	0	0	724288	5.19331995093	1	38.4570320202	0.0	-0.564467407031
0	0	0	0	51677	3.125	1	2.74348039622	0.0	-1.46303860436
0	0	0	0	721599	4.05520240883	1	39.3228159585	0.0	-1.71927563251
0	1	0	0	51646	5.05732759248	1	21.0706716002	1.0	-1.49442668539
0	1	0	0	684756	16.366051924	1	121.556156073	1.0	-0.886814868548
1	0	0	0	515364	3.69000470078	1	50.4816498461	0.0	-1.32586899107
0	0	0	0	5153	8.13801150224	1	78.3520438957	0.0	-0.605183192873
0	0	0	0	51242	1.3819003011	1	5.79035199481	0.0	-1.83815342602
0	0	0	0	564240	5.05732759248	1	21.0706716002	0.0	-1.50311091961
0	0	0	0	511604	1.76380060221	1	10.5807039896	0.0	-1.83815342602
0	0	0	0	719688	7.10282145645	1	62.4087919943	0.0	-1.46922136303
0	0	0	0	51017	2.90950150552	1	24.9517599741	0.0	-1.92415183848
0	0	0	0	9595	4.05520240883	1	39.3228159585	0.0	-1.56546290882
0	0	0	0	50864	8.79463070016	1	87.8941735196	0.0	-1.610435985
0	1	0	0	50810	34.906955594	1	89.1078049719	0.0	-0.614676850274
0	0	0	0	50710	4.10879311097	1	39.3421031414	0.0	-1.90424470101
0	0	0	0	506890	2.90950150552	1	24.9517599741	0.0	-1.83815342602
0	0	0	0	506257	3.67330210773	1	34.5324639637	0.0	-1.92231928336
0	0	0	0	503074	3.29140180662	1	29.7421119689	0.0	-1.87882045755
0	1	0	0	502576	14.059183761	1	27.927828872	1.0	-0.999681827639
0	0	0	0	502389	2.90950150552	1	24.9517599741	0.0	-1.95302487457
0	0	0	0	50226	8.04434207479	1	71.0884466634	0.0	-1.82571833427
0	0	0	0	501948	4.43710270994	1	44.1131679533	0.0	-1.74160709379
0	0	0	0	498937	4.44545400646	1	52.0877608945	0.0	-1.53397483941
0	0	0	0	49814	4.87259371318	1	48.922807131	0.0	-1.71196921205
0	0	0	0	689199	7.97730557817	1	34.7448801571	1.0	-0.757364511725
0	0	0	0	525619	1.76380060221	1	10.5807039896	0.0	-1.83815342602
0	0	0	0	497277	2.90950150552	1	24.9517599741	0.0	-1.68456876559
0	0	0	0	49716	14.6041906534	1	153.797035166	0.0	-1.84440247176
0	1	0	0	672835	10.0491823419	1	24.856354943	0.0	-1.07186486059
0	0	0	0	496365	3.29975310315	1	37.7167049101	0.0	-1.84847721219
0	0	0	0	495542	2.90950150552	1	24.9517599741	0.0	-2.12728905106
1	0	0	0	494670	7.38603447479	1	107.076781265	0.0	-1.24327499224
0	1	0	0	494317	4.29352699027	1	11.4899676105	0.0	-1.54655887294
0	0	0	0	49392	6.72850451656	1	72.8552799222	0.0	-1.83815342602
0	1	0	0	493085	10.0575336385	1	32.8309478843	0.0	-1.24458850485
1	0	0	0	493015	2.14570090331	1	15.3710559844	0.0	-1.81756139848
0	0	0	0	492887	2.52760120442	1	20.1614079792	0.0	-1.83815342602
0	1	0	0	492809	11.7389309855	1	156.819144302	0.0	-0.876670808996
0	0	0	0	684569	1.0	0	1.0	0.0	-1.83815342602
0	1	0	0	49157	13.8619199692	1	106.541793983	0.0	-0.866041522987
0	0	0	0	489653	2.90950150552	1	24.9517599741	0.0	-1.98256645639
0	0	0	0	489551	3.29140180662	1	29.7421119689	0.0	-1.83815342602
0	0	0	0	48851	3.29140180662	1	29.7421119689	0.0	-1.99011600884
0	0	0	0	487984	15.7456359593	1	91.4910994219	0.0	-1.06717086441
0	0	0	0	487982	4.81900301104	1	48.9035199481	0.0	-2.20603403564
0	0	0	0	568842	7.12710741072	1	93.5948177994	0.0	-1.5489102809
0	0	0	0	487746	4.06355370536	1	47.2974088997	0.0	-1.86299303101
0	0	0	0	654080	3.68165340425	1	42.5070569049	0.0	-0.999983117926
1	0	0	0	487744	3.02850648456	1	63.2957756984	0.0	-1.69225339206
1	0	0	0	48769	13.6074832145	1	119.249419684	0.0	-0.991129236381
0	1	0	0	48726	18.2045061039	1	165.279495794	0.0	-1.44489560152
1	0	0	0	486209	5.57522025204	1	43.247384015	0.0	-1.55324685356
0	0	0	0	485374	4.21182708692	1	30.4099495819	0.0	-1.00032427767
0	0	0	0	484538	4.05520240883	1	39.3228159585	0.0	-2.18622129042
0	0	0	0	688041	4.81900301104	1	48.9035199481	0.0	-1.89440565028
1	0	0	0	618579	4.43710270994	1	44.1131679533	0.0	-1.81149721091
0	0	0	0	482827	3.29140180662	1	29.7421119689	0.0	-2.03640049619
0	0	0	0	529352	4.43710270994	1	44.1131679533	0.0	-2.19562745606
0	1	0	0	482688	4.67542729137	1	16.2803196053	0.0	-1.52672834434
0	0	0	0	664835	7.11117275298	1	70.3833849355	0.0	-1.61898766059
1	1	0	0	488218	5.43922789358	1	25.861023595	0.0	-1.43606427432
0	0	0	0	48188	9.2815003584	1	62.7952569614	0.0	-1.07931971028
0	0	0	0	679350	4.07190500188	1	55.2720018409	0.0	-1.52900621487
0	0	0	0	641052	3.67330210773	1	34.5324639637	0.0	-2.09871341027
0	0	0	0	48062	3.83407421415	1	34.5903255123	0.0	-1.04996505841
1	0	1	0	570253	13.3588220254	1	61.0233114397	1.0	0.072820317047
0	1	0	0	480481	7.96895428164	1	26.7702872159	0.0	-1.30262454657
0	1	0	0	47976	3.14782608696	1	-2.8810883739	0.0	-1.11706136717
0	0	0	0	617407	4.83570560409	1	64.8527058306	0.0	-1.40776347547
0	0	0	0	475083	1.3819003011	1	5.79035199481	0.0	-1.83815342602
0	0	0	0	47295	8.79222299948	1	70.1693033253	0.0	-1.75588017344
0	0	0	0	731841	4.67542729137	1	16.2803196053	0.0	-2.02261899753
0	0	0	0	591818	2.14570090331	1	15.3710559844	0.0	-2.42239606605
0	1	0	0	47233	12.5554469594	1	92.1128764495	0.0	-1.08474179444
0	0	0	0	432842	2.90950150552	1	24.9517599741	0.0	-1.83815342602
0	0	0	0	471408	2.90950150552	1	24.9517599741	0.0	-1.91573381661
0	0	0	0	626276	5.60785750283	1	82.4080027614	0.0	-1.31467572085
0	0	0	0	470651	1.0	0	1.0	0.0	-1.83815342602
0	0	0	0	10640	2.52760120442	1	20.1614079792	0.0	-0.696024237151
0	1	0	0	12968	30.1309741509	1	86.8651650384	1.0	-1.26558969607
0	0	0	0	30754	5.20090331214	1	53.6938719429	0.0	-1.83815342602
0	0	0	0	4704	14.3586838475	1	37.1684136697	1.0	-1.48111429009
0	1	0	0	46873	13.0320961223	1	36.4471797536	1.0	-0.938546585049
0	0	0	0	467615	3.29140180662	1	29.7421119689	0.0	-1.57631837145
0	1	0	0	46637	11.366809048	1	115.276999505	0.0	-1.38409205138
0	0	0	0	464033	3.29140180662	1	29.7421119689	0.0	-1.81444074353
0	0	0	0	19226	1.0	0	1.0	0.0	-1.83815342602
0	1	0	0	35807	9.25823090462	1	73.7645435431	0.0	-1.57047832924
0	0	1	0	459313	9.55567883929	1	114.293746323	0.0	0.225777532494
0	0	0	0	9611	2.90950150552	1	24.9517599741	0.0	-1.83815342602
0	1	0	0	457912	7.44897592919	1	75.3094981321	0.0	-1.25573934022
0	0	0	0	722957	2.52760120442	1	20.1614079792	0.0	-1.83815342602
0	0	0	0	612331	9.13891130223	1	139.941407615	0.0	-1.75787874874
0	0	0	0	44856	8.16600451656	1	83.0103866457	0.0	-1.83815342602
0	0	0	0	456740	5.35512028955	1	27.056135372	0.0	-2.04135541096
0	0	0	0	557891	2.90950150552	1	24.9517599741	0.0	-2.2291078628
0	0	0	0	456	7.92779612201	1	87.2456230895	0.0	-1.77394673257
0	0	0	0	32159	2.52760120442	1	20.1614079792	0.0	-1.70240212079
0	0	0	0	45336	6.50737632188	1	68.122789476	0.0	-1.53215765327
0	0	0	0	718408	2.14570090331	1	15.3710559844	0.0	-1.83815342602
0	0	0	0	508291	5.96470391435	1	63.2745759325	0.0	-1.84435862715
0	0	0	0	410421	6.38338564607	1	49.8706184791	0.0	-0.544596296847
0	0	0	0	45326	9.10539545903	1	78.4531297253	0.0	-0.929936647939
0	0	0	0	647113	5.20090331214	1	53.6938719429	0.0	-1.83815342602
0	0	0	0	45175	6.23830288074	1	89.932286546	0.0	-0.860182403207
0	0	0	0	451743	4.59131968734	1	17.4754313824	0.0	-1.67295997137
0	1	0	0	21276	9.36688932632	1	51.733640286	1.0	-1.14944831208
0	1	0	0	45111	10.0220315068	1	83.3452475327	0.0	-1.61325173475
0	0	0	0	4683	11.6328523426	1	130.455226957	0.0	-1.23959868288
1	0	0	0	447066	3.92184718453	1	37.2663957534	0.0	-1.69073916882
0	1	0	0	431454	8.22481725924	1	26.8700396383	0.0	-1.24536667149
0	0	0	0	44691	2.14570090331	1	15.3710559844	0.0	-2.03801549594
0	0	0	0	11680	4.81900301104	1	48.9035199481	0.0	-1.78898764123
0	0	0	0	44235	13.3212256535	1	149.674496485	0.0	-1.12264826904
0	0	0	0	446475	2.52760120442	1	20.1614079792	0.0	-1.83815342602
0	1	0	0	445326	15.5918615843	1	79.2154048465	0.0	-1.52741589648
0	0	0	0	441493	2.52760120442	1	20.1614079792	0.0	-1.79653702716
0	0	0	0	7325	1.76380060221	1	10.5807039896	0.0	-1.83815342602
0	0	0	0	440878	3.29140180662	1	29.7421119689	0.0	-1.8045210689
0	0	0	0	35806	5.20090331214	1	53.6938719429	0.0	-1.83815342602
0	0	0	0	44076	29.665520363	1	109.693586612	1.0	-0.142163273724
0	0	0	0	4404	6.25650301104	1	59.0586266717	0.0	-1.83815342602
0	1	0	0	44020	23.1137117728	1	137.811246769	0.0	-1.00001247911
0	0	0	0	31773	6.34660421546	1	68.0649279274	0.0	-1.81882699841
0	1	1	0	439914	69.7101290603	1	177.693346995	1.0	2.02112993253
0	0	0	0	437728	3.29140180662	1	29.7421119689	0.0	-1.76842541952
0	1	0	0	5718	15.6828532463	1	57.4692532148	1.0	-0.168003145783
0	0	0	0	4377	2.90950150552	1	24.9517599741	0.0	-1.83815342602
0	1	0	0	23361	36.0341629596	1	252.38321421	1.0	-0.167352559231
0	0	0	0	43763	5.58280361325	1	58.4842239377	0.0	-1.80420709656
0	1	0	0	2130	3.91531575372	1	14.5579809116	1.0	-0.801930346622
0	0	0	0	434802	6.72850451656	1	72.8552799222	0.0	-1.71705642488
0	0	0	0	446813	2.90950150552	1	24.9517599741	0.0	-1.65923196044
0	0	0	0	675475	1.76380060221	1	10.5807039896	0.0	-2.18833564019
0	0	0	0	432486	3.67330210773	1	34.5324639637	0.0	-1.95173332819
0	1	0	0	43077	9.20959986794	1	103.544272439	1.0	-1.06345338566
0	1	0	0	672238	10.431082643	1	29.6467069378	0.0	-1.03282713366
0	1	0	0	42978	10.6301181913	1	126.518189618	0.0	-1.0778426716
0	0	0	0	37611	6.34660421546	1	68.0649279274	0.0	-1.76787684033
1	0	0	0	42716	7.26462179507	1	51.0078953461	0.0	-1.83815342602
0	0	0	0	484261	4.06355370536	1	47.2974088997	0.0	-1.68715653169
0	1	0	0	42710	3.91531575372	1	14.5579809116	0.0	-1.33777531357
0	0	0	0	41928	11.6932084309	1	135.129855855	0.0	-1.78491864134
0	0	0	0	448241	7.14611149974	1	57.6419097532	1.0	-1.56751742483
0	0	0	0	615471	4.10879311097	1	39.3421031414	0.0	-1.57870396824
0	0	0	0	414916	1.76380060221	1	10.5807039896	0.0	-1.83815342602
0	0	0	0	414287	2.52760120442	1	20.1614079792	0.0	-1.64427761875
0	0	0	0	413252	20.8162585451	1	171.675856454	0.0	-0.733023174169
0	0	0	0	646805	4.44545400646	1	52.0877608945	0.0	-1.73783798163
0	1	0	0	41105	9.99069341208	1	56.7830958155	0.0	-1.20101309117
0	1	0	0	37074	10.4039318079	1	88.1355995275	0.0	-1.65312104126
0	1	0	0	466082	8.35823271186	1	47.2773698025	0.0	-0.427581251349
0	0	0	0	34111	4.20941938623	1	12.6850793876	0.0	-1.83815342602
0	0	0	0	41080	4.81900301104	1	48.9035199481	0.0	-1.74620283506
0	0	0	0	683134	3.29975310315	1	37.7167049101	0.0	-1.67921251697
0	0	0	0	436776	4.97321998844	1	22.2657833772	0.0	-1.8553874499
0	0	0	0	424686	2.52760120442	1	20.1614079792	0.0	-1.71201077174
0	0	0	0	41042	7.87420541987	1	87.2263359066	0.0	-1.81141925951
0	0	0	0	410033	3.67330210773	1	34.5324639637	0.0	-1.83815342602
0	1	0	0	381990	5.45126825467	1	41.6939818321	1.0	-0.999579639932
0	1	0	0	409905	8.99533558256	1	107.318207273	0.0	-1.23395912775
0	0	0	0	41028	5.98797336814	1	52.3052893508	0.0	-1.5934036721
0	1	0	0	49832	7.73062970021	1	54.6031355638	0.0	-1.43034658176
0	0	0	0	409053	2.14570090331	1	15.3710559844	0.0	-2.34582359131
0	0	0	0	401805	2.14570090331	1	15.3710559844	0.0	-1.83815342602
0	0	0	0	4011	2.52760120442	1	20.1614079792	0.0	-2.03883915226
1	1	0	0	13935	5.82112819468	1	30.6513755898	1.0	-1.54908748144
0	0	0	0	399483	1.0	0	1.0	0.0	-1.83815342602
0	0	0	0	399287	2.90950150552	1	24.9517599741	0.0	-1.71807040941
0	0	0	0	610371	3.29140180662	1	29.7421119689	0.0	-2.09043649011
0	0	0	0	415407	2.52760120442	1	20.1614079792	0.0	-1.76526672874
0	0	0	0	398243	2.90950150552	1	24.9517599741	0.0	-2.19656135257
0	0	0	0	4605	4.81900301104	1	48.9035199481	0.0	-1.78673738721
0	0	0	0	39816	10.3263793329	1	116.026309424	0.0	-1.57785305414
1	0	0	0	720496	8.12457036239	1	75.2264457958	0.0	-1.64858203893
0	0	0	0	384518	1.76380060221	1	10.5807039896	0.0	-1.83815342602
0	0	0	0	397730	1.3819003011	1	5.79035199481	0.0	-2.02256569817
0	0	0	0	395790	13.6027099364	1	159.081615829	0.0	-1.79558561048
0	0	0	0	453545	2.14570090331	1	15.3710559844	0.0	-1.94303213169
0	0	0	0	506908	4.43710270994	1	44.1131679533	0.0	-1.83815342602
0	0	0	0	397550	1.0	0	1.0	0.0	-1.83815342602
0	0	0	0	39441	4.43710270994	1	44.1131679533	0.0	-1.93874152459
0	0	0	0	46198	14.3597451525	1	164.006978104	0.0	-1.24688605855
1	0	0	0	39170	7.59948652305	1	82.4745582775	0.0	-1.45819489365
0	0	0	0	390245	7.16075885177	1	93.3735628932	0.0	-0.999829171517
0	0	0	0	718266	3.29975310315	1	37.7167049101	0.0	-2.14484332239
0	1	0	0	686083	13.6287693766	1	55.2443576895	0.0	-0.947662491916
0	0	0	0	51013	4.30374748564	1	42.0567477482	0.0	-1.68018978864
0	0	0	0	390059	4.44545400646	1	52.0877608945	0.0	-1.82153282548
0	0	0	0	389744	2.52760120442	1	20.1614079792	0.0	-2.11929491392
0	0	0	0	432023	6.34660421546	1	68.0649279274	0.0	-1.7312482403
0	0	0	0	10920	13.4827027007	1	172.67013176	0.0	-1.28149267459
0	0	0	0	383838	2.90950150552	1	24.9517599741	0.0	-1.73950277869
0	0	0	0	38827	6.72850451656	1	72.8552799222	0.0	-1.80490897712
0	0	0	0	16748	12.8138493316	1	43.764023019	0.0	-1.21390717944
0	1	0	0	43035	12.0892945862	1	98.9879855233	0.0	-0.93390855482
0	0	0	0	386705	2.90950150552	1	24.9517599741	0.0	-1.74787468136
0	0	0	0	385972	1.0	0	1.0	0.0	-1.83815342602
0	0	0	0	385943	1.3819003011	1	5.79035199481	0.0	-1.83815342602
0	0	0	0	495216	3.67330210773	1	34.5324639637	0.0	-1.78342080464
0	0	0	0	433760	3.29975310315	1	37.7167049101	0.0	-1.46620214136
0	0	0	0	385171	1.76380060221	1	10.5807039896	0.0	-1.74045794327
0	0	0	0	633645	2.52760120442	1	20.1614079792	0.0	-2.3940064923
0	0	0	0	561870	3.29140180662	1	29.7421119689	0.0	-1.57487845099
0	1	0	0	382891	40.8680489037	1	301.11415775	1.0	-0.0597093685395
1	0	0	0	441399	2.90950150552	1	24.9517599741	0.0	-1.83815342602
0	1	0	0	608414	4.29352699027	1	11.4899676105	0.0	-1.53366875037
0	0	0	0	383930	2.90950150552	1	24.9517599741	0.0	-1.83815342602
0	0	0	0	630830	2.90950150552	1	24.9517599741	0.0	-1.83815342602
0	0	0	0	584643	4.82735430757	1	56.8781128893	0.0	-2.10324254748
0	1	0	0	378787	11.3440283455	1	3.93322830095	0.0	-1.90759485921
0	0	0	0	548256	3.67330210773	1	34.5324639637	0.0	-2.10632490071
0	0	0	0	356080	2.14570090331	1	15.3710559844	0.0	-1.83815342602
0	0	0	0	377237	4.4990447086	1	52.1070480774	0.0	-0.975871409737
0	1	0	0	415865	4.29352699027	1	11.4899676105	0.0	-1.39219697806
0	1	0	0	44406	10.1786561849	1	74.4323811561	0.0	-1.41217118866
0	0	0	0	375408	2.14570090331	1	15.3710559844	0.0	-2.11045523994
0	0	0	0	37523	6.34660421546	1	68.0649279274	0.0	-1.77651800674
0	0	0	0	41283	6.72850451656	1	72.8552799222	0.0	-1.83815342602
0	0	0	0	38506	7.8825567164	1	95.2009288478	0.0	-1.67045781885
1	0	0	0	700508	50.7435767828	1	206.622495695	1.0	-0.122631532137
0	0	0	0	594073	1.76380060221	1	10.5807039896	0.0	-2.28508773676
0	0	0	0	37510	2.90950150552	1	24.9517599741	0.0	-1.77815251812
0	0	0	0	605039	2.14570090331	1	15.3710559844	0.0	-1.59900336006
0	0	0	0	558643	3.67330210773	1	34.5324639637	0.0	-1.71084289041
0	0	0	0	346168	3.29140180662	1	29.7421119689	0.0	-1.53264564108
0	1	0	0	4240	16.5741212023	1	176.165189962	0.0	-1.52569579336
0	0	0	0	374877	2.52760120442	1	20.1614079792	0.0	-2.08384213403
0	1	0	0	14556	9.03423664548	1	57.6189774506	0.0	-2.05080450532
0	1	0	0	344872	10.3138306035	1	79.1292982718	0.0	-2.00146839506
0	0	0	0	372965	3.29975310315	1	37.7167049101	0.0	-1.60342961081
0	0	0	0	701955	1.0	0	1.0	0.0	-1.83815342602
0	0	0	0	445943	7.26702949575	1	68.7327655403	0.0	-1.34026211284
0	0	0	0	629316	10.4482977669	1	107.856673927	0.0	-1.06172266865
0	0	0	0	374074	14.6343036512	1	82.8306013784	1.0	-1.82462903052
0	0	0	0	372824	3.59353758557	1	32.4953309415	0.0	-1.34990969686
0	0	0	0	567707	11.0664914417	1	115.504063637	0.0	-1.84425143886
0	0	0	0	371781	8.94575705842	1	108.429802859	0.0	-1.0005372577
0	0	0	0	13310	6.92776544299	1	38.363044094	0.0	-1.75191394868
0	0	0	0	371605	17.6147982618	1	153.037608779	1.0	-0.965950361164
0	0	0	0	6282	9.26191996918	1	81.622908839	0.0	-1.41550831656
0	0	0	0	37132	6.72850451656	1	72.8552799222	0.0	-1.83815342602
0	0	0	0	32875	4.92618441532	1	48.9420943139	0.0	-1.70750450363
0	0	0	0	385010	4.44545400646	1	52.0877608945	0.0	-1.66490245951
0	0	0	0	371148	15.3602845643	1	108.36559811	1.0	-1.19247987769
0	0	0	0	537667	1.76380060221	1	10.5807039896	0.0	-1.9694654645
0	0	0	0	367506	2.14570090331	1	15.3710559844	0.0	-1.83815342602
1	0	0	0	407865	2.14570090331	1	15.3710559844	0.0	-1.83815342602
0	1	0	0	687884	14.0715059802	1	56.5414850025	1.0	-0.485770118542
0	0	0	0	366542	2.90950150552	1	24.9517599741	0.0	-1.42737059264
0	0	0	0	10774	5.30808471642	1	53.7324463087	0.0	-1.50207913293
0	0	0	0	366106	12.6922832278	1	125.716925448	0.0	-1.04325918233
0	0	0	0	365512	4.07190500188	1	55.2720018409	0.0	-1.16996817942
0	0	0	0	364029	5.58280361325	1	58.4842239377	0.0	-2.14865821099
0	0	0	0	52159	4.71309220766	1	70.8055963655	1.0	-1.35420684846
0	0	0	0	513855	4.44545400646	1	52.0877608945	0.0	-1.68264554629
0	0	0	0	390058	3.29140180662	1	29.7421119689	0.0	-1.83815342602
0	1	0	0	362615	30.5915479948	1	26.0273548841	1.0	-1.34172475445
0	1	0	0	362542	5.44291695814	1	33.7193888909	0.0	-1.29342430556
0	0	0	0	6683	5.63639431539	1	58.5035111206	0.0	-1.82633844214
0	0	0	0	454382	2.90950150552	1	24.9517599741	0.0	-1.77564863825
0	0	0	0	400625	3.67330210773	1	34.5324639637	0.0	-1.93386297952
0	0	0	0	552303	8.05133727104	1	95.8977276153	0.0	-1.15739573875
0	0	0	0	36214	7.54589582091	1	82.4552710947	0.0	-1.76530978317
0	1	0	0	602835	5.97616817219	1	41.3085306892	0.0	-0.919034824752
0	0	0	0	597964	2.14570090331	1	15.3710559844	0.0	-2.10112079891
0	0	0	0	361086	4.92618441532	1	48.9420943139	0.0	-1.68407540624
0	0	0	0	8358	1.0	0	1.0	0.0	-1.83815342602
0	0	0	0	10227	2.90950150552	1	24.9517599741	0.0	-1.77797829416
1	0	0	0	10577	27.3275471117	1	219.272921297	0.0	-1.06715857622
0	0	0	0	337465	2.14570090331	1	15.3710559844	0.0	-2.31966380474
0	0	0	0	361010	2.14570090331	1	15.3710559844	0.0	-1.83815342602
0	0	0	0	433702	4.55610768898	1	82.4571836776	0.0	-1.45554228956
0	1	0	0	24958	13.4591342168	1	126.458415486	0.0	-1.32882870846
0	0	0	0	46777	9.31498501753	1	73.4867816721	0.0	-1.30082059797
0	0	0	0	46663	5.50940500188	1	65.4271085645	0.0	-1.76464599348
0	1	0	0	492885	10.0491823419	1	24.856354943	0.0	-0.938578398536
0	0	0	0	3557	6.34660421546	1	68.0649279274	0.0	-1.92064961923
1	1	0	0	491782	16.0350039942	1	17.5924425448	0.0	-0.578962421113
0	0	0	0	331091	3.29975310315	1	37.7167049101	0.0	-1.81965925458
0	0	0	0	353354	2.90950150552	1	24.9517599741	0.0	-1.83815342602
0	0	0	0	533260	1.76380060221	1	10.5807039896	0.0	-1.83815342602
0	0	0	0	339449	3.29140180662	1	29.7421119689	0.0	-1.69255516701
1	0	0	0	352621	10.7333335236	1	144.740440243	0.0	-1.56648516796
0	0	0	0	54148	2.90950150552	1	24.9517599741	0.0	-1.79653119384
0	1	0	0	390882	11.367093958	1	47.601073689	1.0	-0.183089665817
0	1	0	0	15325	10.075622209	1	83.3645347156	1.0	-1.65515114217
0	0	0	0	35021	8.55278471656	1	25.7703838467	0.0	-1.95221282003
0	0	0	0	41711	5.44291695814	1	33.7193888909	1.0	-1.36934368866
0	0	0	0	349167	4.83570560409	1	64.8527058306	0.0	-1.35023023924
0	0	0	0	39549	25.9742736938	1	129.299288218	0.0	-1.00054178392
0	0	0	0	348364	5.58357154856	1	51.2219769563	0.0	-0.712911102875
0	0	0	0	722811	1.76380060221	1	10.5807039896	0.0	-1.83815342602
0	0	0	0	530398	3.67330210773	1	34.5324639637	0.0	-2.09940345669
0	0	0	0	433845	2.90950150552	1	24.9517599741	0.0	-1.76793974899
0	1	0	0	34683	11.0315348196	1	80.8098337662	1.0	-0.999667574974
0	1	0	0	42695	9.25823090462	1	73.7645435431	1.0	-1.58138639178
0	0	0	0	411705	4.88094500971	1	56.8974000722	0.0	-1.56115937897
0	1	0	0	10162	13.2669530247	1	44.5160272719	0.0	-1.11742951657
0	0	0	0	14053	7.32476762622	1	77.7227806485	0.0	-1.52641322588
0	0	0	0	34662	4.05520240883	1	39.3228159585	0.0	-1.80844912149
0	0	0	0	596640	1.76380060221	1	10.5807039896	0.0	-1.69851255025
0	0	0	0	593471	4.55610768898	1	82.4571836776	0.0	-1.93601357136
0	1	0	0	344262	6.21137979231	1	43.4163205258	0.0	-1.53978679903
0	0	0	0	529784	1.3819003011	1	5.79035199481	0.0	-1.83815342602
0	0	0	0	48058	2.90950150552	1	24.9517599741	0.0	-1.82920863803
0	0	0	0	341437	2.90950150552	1	24.9517599741	0.0	-1.99278200854
1	0	0	0	589620	6.54586514188	1	33.5726920992	0.0	-1.28265323568
0	0	0	0	25839	2.77614628122	1	22.895339769	0.0	-0.999716068385
0	1	0	0	34256	16.8069628773	1	19.9705979172	0.0	-0.797333081989
0	0	0	0	340834	3.29140180662	1	29.7421119689	0.0	-1.45013033426
1	0	0	0	16590	6.94400301104	1	50.6470003443	0.0	-1.53578197146
0	0	0	0	340679	3.67330210773	1	34.5324639637	0.0	-2.36884340117
0	1	0	0	45820	14.6995839818	1	80.3734227797	1.0	-0.999802074553
0	0	0	0	339064	6.57880530299	1	61.805834232	0.0	-1.01024216917
0	0	0	0	39529	3.29140180662	1	29.7421119689	0.0	-1.64708655176
0	0	0	0	337421	2.90950150552	1	24.9517599741	0.0	-1.78382685189
0	1	0	0	45407	9.19062463266	1	113.1694544	0.0	-0.882471866537
0	0	0	0	514525	2.14570090331	1	15.3710559844	0.0	-1.83815342602
0	0	0	0	336498	4.06355370536	1	47.2974088997	0.0	-1.97849581361
0	0	0	0	42502	5.96470391435	1	63.2745759325	0.0	-1.64223125242
0	1	0	0	331764	12.4204198001	1	60.8654197828	0.0	-1.26453027375
0	0	0	0	357253	2.90950150552	1	24.9517599741	0.0	-1.86407989866
0	0	0	0	10165	14.8594126761	1	143.327663103	0.0	-1.12895128998
0	0	0	0	330445	2.52760120442	1	20.1614079792	0.0	-1.95400464302
0	0	0	0	700164	8.96551180085	1	72.5873684716	1.0	-2.2832289854
0	0	0	0	341988	10.3793610673	1	93.8564149091	0.0	-0.750609572094
0	0	0	0	47044	4.30374748564	1	42.0567477482	0.0	-1.58924780587
0	0	0	0	600906	2.14570090331	1	15.3710559844	0.0	-1.83815342602
0	0	0	0	331461	4.06355370536	1	47.2974088997	0.0	-1.75635361908
0	0	0	0	329759	3.68165340425	1	42.5070569049	0.0	-1.08576621809
0	0	0	0	50137	17.154699979	1	141.693547575	0.0	-1.53554247967
0	0	0	0	408302	2.52760120442	1	20.1614079792	0.0	-1.74605936272
0	1	0	0	32785	16.9909857885	1	109.115534749	0.0	-1.26024779682
0	0	0	0	561157	10.4046400348	1	72.8177173497	0.0	-1.00027637778
0	0	0	0	535611	1.76380060221	1	10.5807039896	0.0	-1.83815342602
1	0	0	0	349954	1.76380060221	1	10.5807039896	0.0	-1.7191824014
0	0	0	0	32672	4.43710270994	1	44.1131679533	0.0	-1.84220728017
0	0	0	0	404302	5.52760120442	1	31.8699345304	0.0	-1.73706134677
0	0	0	0	326330	7.1503768645	1	82.6255312177	0.0	-1.00017742847
0	0	0	0	326119	1.76380060221	1	10.5807039896	0.0	-1.83815342602
0	0	0	0	33898	10.1052511382	1	111.293818978	0.0	-1.36176679039
0	1	0	0	1203	16.4235924845	1	143.020765243	0.0	-1.39941800545
0	1	0	0	540285	34.5893886871	1	161.993085838	0.0	-1.74650976228
0	0	0	0	32507	5.20090331214	1	53.6938719429	0.0	-1.83815342602
0	0	0	0	444154	2.90950150552	1	24.9517599741	0.0	-1.86193007227
0	0	0	0	33964	6.61569341208	1	45.8759355324	0.0	-1.79553810844
0	0	0	0	579697	8.27280831403	1	107.965873784	0.0	-1.56414598486
0	0	0	0	322883	2.90950150552	1	24.9517599741	1.0	-1.79324245412
0	0	0	0	13074	6.20671756035	1	43.3000928805	1.0	-1.26003760196
0	0	0	0	356689	1.76380060221	1	10.5807039896	0.0	-1.77587129525
0	0	0	0	32155	11.3037247686	1	115.102663937	0.0	-1.66983088666
0	0	0	0	581682	4.97562768912	1	39.9906535715	0.0	-1.20380763821
0	0	0	0	319505	7.77919574419	1	64.9987714061	1.0	-0.653644148045
0	0	0	0	356947	6.36641976982	1	54.0734756252	0.0	-0.671708736265
0	0	0	0	370150	4.81900301104	1	48.9035199481	0.0	-2.13537398559
0	0	0	0	342962	2.53595250094	1	28.1360009205	0.0	-1.96889924577
0	0	0	0	426420	2.90950150552	1	24.9517599741	0.0	-1.93312442888
0	1	0	0	7202	5.59426787108	1	36.5181786943	0.0	-1.09426253041
0	0	0	0	10361	12.3165967242	1	111.790310448	0.0	-1.17058567924
0	0	0	0	549735	1.76380060221	1	10.5807039896	0.0	-2.03069300558
1	1	0	0	539833	27.7358726265	1	117.565540558	0.0	-1.47920286796
0	1	0	0	31933	5.82112819468	1	30.6513755898	0.0	-1.41426083911
0	0	0	0	532384	2.14570090331	1	15.3710559844	0.0	-1.83815342602
0	0	0	0	318244	9.16542724166	1	101.528801387	0.0	-1.61126777968
0	0	0	0	491976	2.14570090331	1	15.3710559844	0.0	-1.87609197759
0	0	0	0	1892	14.6763306035	1	102.318942865	1.0	-1.03182357746
1	0	0	0	698555	4.81900301104	1	48.9035199481	0.0	-1.75344108188
0	0	0	0	647489	4.05520240883	1	39.3228159585	0.0	-2.04433011257
0	0	0	0	345008	7.12345377608	1	36.1095651976	1.0	-1.29617720538
0	0	0	0	356268	3.72689280987	1	34.5517511466	0.0	-2.12235438989
0	1	0	0	587087	10.9976682471	1	167.596137132	1.0	-0.81409265935
0	0	0	0	341278	7.90761060598	1	119.124707672	0.0	-0.891503055264
0	1	0	0	317700	4.29721605483	1	19.3483329065	1.0	-1.73538627168
0	0	0	0	315802	3.68165340425	1	42.5070569049	0.0	-1.62880137741
0	0	0	0	430353	7.52801180085	1	62.432261748	0.0	-1.53400214266
0	0	0	0	22327	2.52760120442	1	20.1614079792	0.0	-1.83815342602
0	0	0	0	12741	14.7361294553	1	122.420722232	1.0	-1.00778873988
0	0	0	0	483156	4.81900301104	1	48.9035199481	0.0	-2.16625726664
0	0	0	0	3056	6.16396484078	1	28.7823401044	0.0	-1.49025624534
0	0	0	0	569406	5.27445951694	1	26.2951075968	0.0	-0.99985832608
0	0	0	0	565706	4.44545400646	1	52.0877608945	0.0	-1.38364811625
0	0	0	0	25689	3.67330210773	1	34.5324639637	0.0	-1.83815342602
0	0	0	0	28759	5.17142554099	1	35.2272611563	0.0	-2.93530677192
0	0	0	0	41646	7.87420541987	1	87.2263359066	0.0	-1.83815342602
0	0	0	0	27186	4.81900301104	1	48.9035199481	0.0	-1.65866583417
0	0	0	0	28737	12.7055541099	1	147.444491634	0.0	-1.68884521795
0	0	0	0	600504	4.82735430757	1	56.8781128893	0.0	-1.00012603559
0	0	0	0	43334	4.73923848888	1	46.8663869259	0.0	-1.68500190188
0	0	0	0	23753	2.90950150552	1	24.9517599741	0.0	-1.78142823376
0	1	0	0	669114	18.5898311329	1	152.496581429	0.0	-0.379753013955
0	0	0	0	28442	9.26191996918	1	81.622908839	0.0	-1.44785319399
0	0	0	0	403224	7.11040481766	1	77.645631917	0.0	-1.77954723729
0	0	0	0	28325	5.20090331214	1	53.6938719429	0.0	-1.83815342602
0	0	0	0	25323	2.96309220766	1	24.9710471569	0.0	-1.59933701792
0	0	0	0	353565	1.76380060221	1	10.5807039896	0.0	-2.04208294168
0	1	0	0	504986	13.5162190659	1	83.0755538803	0.0	-0.999886604211
0	1	0	0	19673	18.4491407068	1	37.0979442917	1.0	-0.931378264638
0	0	0	0	28111	2.90950150552	1	24.9517599741	0.0	-2.0157698851
0	0	0	0	43830	19.329387745	1	135.241462023	0.0	-1.0597428322
0	1	0	0	695300	10.0060577028	1	48.2404466481	0.0	-0.911235412648
0	0	0	0	424163	7.77208220423	1	120.837861185	0.0	-1.31229466888
1	0	0	0	320427	10.667280442	1	151.840568613	0.0	-0.99968129818
0	0	0	0	35279	9.78901479337	1	69.7059884242	1.0	-1.71115040448
1	0	0	0	418620	6.73685581309	1	80.8298728634	0.0	-2.08206057121
0	0	0	0	528014	2.14570090331	1	15.3710559844	0.0	-1.83815342602
0	0	0	0	2463	7.27117692408	1	77.7034934656	0.0	-1.53156970893
0	1	0	0	28013	5.06101665704	1	28.9290368961	1.0	-1.1456135097
0	0	0	0	17210	9.07349702532	1	101.616679074	0.0	-1.74037664092
0	1	0	0	54369	5.05732759248	1	21.0706716002	0.0	-1.34774871579
0	1	0	0	29064	18.2167928048	1	140.988187197	1.0	-0.761520994628
0	0	0	0	26606	6.34660421546	1	68.0649279274	0.0	-1.83815342602
0	0	0	0	25594	4.05520240883	1	39.3228159585	0.0	-1.67477994073
0	1	0	0	2542	10.0491823419	1	24.856354943	0.0	-1.65146619301
0	0	0	0	394773	6.73685581309	1	80.8298728634	0.0	-1.62677134583
0	0	0	0	320977	4.06355370536	1	47.2974088997	0.0	-1.73486160436
0	0	0	0	518574	4.55610768898	1	82.4571836776	0.0	-1.38321189424
0	0	1	0	447107	38.8038278984	1	140.501206664	0.0	0.0286494743051
0	1	0	0	11200	20.2400833799	1	13.7053935801	0.0	-1.1029415773
0	0	0	0	714045	2.14570090331	1	15.3710559844	0.0	-1.91323239585
0	1	0	0	25052	15.3169552362	1	135.309096739	0.0	-1.10955894621
0	1	1	0	359957	16.4918743427	1	101.138205935	1.0	1.11883857518
0	0	0	0	44057	3.29140180662	1	29.7421119689	0.0	-1.39251142459
0	1	0	0	361918	5.82112819468	1	30.6513755898	0.0	-1.50721685683
0	1	0	0	18359	15.3169552362	1	135.309096739	0.0	-1.35788801407
0	0	0	0	24587	4.05520240883	1	39.3228159585	0.0	-1.83815342602
0	0	0	0	566213	4.46037216372	1	33.1438813716	0.0	-1.68754243524
0	1	0	0	46327	25.7702510435	1	185.577127042	1.0	-0.5328247127
0	0	0	0	3941	11.7573242039	1	99.4858180281	0.0	-1.91141449758
0	0	0	0	649486	9.32708944752	1	95.8764388576	1.0	-1.48810802504
0	0	0	0	339190	5.58280361325	1	58.4842239377	0.0	-2.48100631974
0	0	0	0	10875	3.97543788667	1	37.2856829363	0.0	-0.857111947493
0	0	0	0	23528	4.68564778674	1	46.847099743	0.0	-1.58807776614
0	0	0	0	596757	1.76380060221	1	10.5807039896	0.0	-1.8842143349
0	0	0	0	396004	7.11040481766	1	77.645631917	0.0	-1.61405979011
0	0	0	0	688819	2.14570090331	1	15.3710559844	0.0	-1.83815342602
0	0	0	0	23271	7.49230511877	1	82.4359839118	0.0	-1.92390295916
0	0	0	0	479569	2.14570090331	1	15.3710559844	0.0	-1.83815342602
0	0	0	0	4390	2.14570090331	1	15.3710559844	0.0	-1.83815342602
0	1	0	0	334091	5.05732759248	1	21.0706716002	0.0	-1.58100192799
0	0	0	0	21964	6.94286732512	1	72.9324286537	0.0	-1.51789783341
0	0	0	0	468904	2.91785280205	1	32.9263529153	0.0	-1.68061286032
0	0	0	0	20168	2.52760120442	1	20.1614079792	0.0	-1.91277367503
0	0	0	0	334372	2.14570090331	1	15.3710559844	0.0	-1.73467305881
0	0	0	0	343139	2.90950150552	1	24.9517599741	0.0	-0.636544553035
0	1	0	0	21484	13.8134351207	1	73.9604845137	1.0	-1.00001767702
0	0	0	0	38919	9.32834027799	1	48.3219187492	0.0	-1.80577766291
0	0	0	0	572559	5.83134869005	1	61.2181557275	0.0	-1.01775509984
0	0	0	0	555647	4.44545400646	1	52.0877608945	0.0	-1.85952760007
0	1	0	0	433338	5.05732759248	1	21.0706716002	0.0	-0.999692753281
0	0	0	0	20736	3.67330210773	1	34.5324639637	0.0	-1.83815342602
0	0	0	0	14039	3.29140180662	1	29.7421119689	0.0	-1.83815342602
0	0	0	0	423943	4.10879311097	1	39.3421031414	0.0	-1.6716642817
0	0	0	0	433811	4.82735430757	1	56.8781128893	0.0	-1.53213168629
0	0	0	0	353561	2.14570090331	1	15.3710559844	0.0	-2.07740847425
0	1	1	0	20384	34.1789521055	1	170.026835498	1.0	1.12353681262
0	0	0	0	11055	12.4460962187	1	131.084490204	1.0	-1.16108661856
0	0	0	0	40370	4.43710270994	1	44.1131679533	0.0	-1.83815342602
0	0	0	0	20245	3.29140180662	1	29.7421119689	0.0	-1.82873589003
0	0	0	0	335071	2.52760120442	1	20.1614079792	0.0	-2.35529842608
0	0	0	0	371219	2.90950150552	1	24.9517599741	0.0	-2.06909146182
0	0	0	0	10261	4.05520240883	1	39.3228159585	0.0	-1.77048126118
0	0	0	0	465676	3.29140180662	1	29.7421119689	0.0	-2.35718897603
0	0	0	0	442051	2.52760120442	1	20.1614079792	0.0	-1.83815342602
0	0	0	0	1090	5.58280361325	1	58.4842239377	0.0	-1.36112457582
0	0	0	0	660589	2.14570090331	1	15.3710559844	0.0	-1.37941781855
0	0	0	0	569153	5.20090331214	1	53.6938719429	1.0	-1.88336448876
0	0	1	0	23491	62.8710381792	1	54.4646777912	1.0	0.440227672344
0	0	0	0	381147	2.52760120442	1	20.1614079792	0.0	-2.22434504216
0	0	0	0	20080	3.68165340425	1	42.5070569049	0.0	-1.78869872573
0	0	0	0	20077	14.7418795475	1	117.050554821	0.0	-1.05228647892
0	0	1	0	21873	29.9395488892	1	139.562660442	0.0	1.62293568546
0	0	0	0	449081	4.05520240883	1	39.3228159585	0.0	-1.88964011794
0	1	0	0	37241	8.49443030241	1	64.1838395535	0.0	-1.57984989704
0	0	0	0	318397	3.68165340425	1	42.5070569049	0.0	-1.65943657487
0	0	0	0	21896	7.87420541987	1	87.2263359066	0.0	-1.83815342602
0	0	0	0	11008	7.92779612201	1	87.2456230895	0.0	-1.77392606583
0	0	0	0	438575	2.90950150552	1	24.9517599741	0.0	-1.716199294
1	0	0	0	553786	10.5759033121	1	114.49240452	1.0	-0.292508472188
0	0	0	0	11773	5.35752799023	1	44.7810055663	0.0	-1.7136484336
0	0	0	0	598804	2.14570090331	1	15.3710559844	0.0	-1.83815342602
0	1	0	0	1876	25.0244607927	1	163.523202907	0.0	-1.07200001303
0	0	0	0	687163	6.51339938437	1	69.7671514026	0.0	-1.79476261548
0	0	0	0	44623	3.29140180662	1	29.7421119689	0.0	-1.83815342602
0	0	0	0	3985	2.90950150552	1	24.9517599741	0.0	-2.02453163575
0	0	0	0	2530	5.92819341208	1	54.2875618598	0.0	-1.7488415823
0	0	0	0	679316	1.76380060221	1	10.5807039896	0.0	-1.45599453783
1	1	0	0	562795	12.4326550788	1	127.958892104	1.0	-1.37703829381
0	1	0	0	18419	5.43922789358	1	25.861023595	0.0	-1.44318760343
0	0	0	0	28350	3.67330210773	1	34.5324639637	0.0	-1.84210536432
0	0	0	0	18353	3.29140180662	1	29.7421119689	0.0	-1.81401644028
0	0	0	0	711342	3.68165340425	1	42.5070569049	0.0	-1.45177598942
0	0	0	0	330272	4.48093007695	1	12.3398125439	0.0	-2.0494252664
0	0	0	0	463457	4.94635928661	1	95.2221286137	0.0	-0.962053594341
0	1	1	0	416596	58.2001112768	1	240.033281051	1.0	0.980725667098
0	0	0	0	716676	5.20925460867	1	61.6684648841	0.0	-2.00711502867
0	1	0	0	588967	6.98353169105	1	60.9716174567	0.0	-1.39222507623
0	0	0	0	485494	29.619003011	1	67.2623001719	0.0	-0.321157473601
0	0	0	0	21097	2.14570090331	1	15.3710559844	0.0	-1.6955489647
0	0	0	0	18257	7.5037693766	1	60.4699386684	1.0	-0.739645685391
0	0	0	0	17059	8.63800602208	1	96.8070398962	0.0	-1.87157504045
0	0	0	0	3632	5.58280361325	1	58.4842239377	0.0	-1.83815342602
0	0	0	0	559000	2.52760120442	1	20.1614079792	0.0	-1.83815342602
0	0	1	0	11662	38.8402341447	1	142.889643194	0.0	2.31426271296
0	0	0	0	455775	6.35806847329	1	46.098882684	1.0	-0.765205284465
0	1	0	0	13429	16.7393903249	1	115.22081691	1.0	-0.795482564087
0	1	0	0	7490	45.3139569252	1	88.9175554812	0.0	-1.00002070702
0	0	0	0	16130	9.00208379969	1	107.554138993	0.0	-1.47894995512
0	0	0	0	420817	3.91162668916	1	6.69961561572	0.0	-1.57991074822
0	0	0	0	699566	1.3819003011	1	5.79035199481	0.0	-1.83815342602
0	0	0	0	602012	5.20090331214	1	53.6938719429	0.0	-1.83815342602
0	0	0	0	11306	1.0	0	1.0	0.0	-1.78948410934
0	0	0	0	357523	3.29140180662	1	29.7421119689	0.0	-1.45379395129
0	0	0	0	15338	6.59514929226	1	70.7988597171	0.0	-1.58917023243
0	0	0	0	447599	9.9618601539	1	32.947084231	1.0	-2.09405323778
0	0	0	0	593337	1.76380060221	1	10.5807039896	0.0	-1.83815342602
0	0	0	0	593084	2.14570090331	1	15.3710559844	0.0	-1.83815342602
0	0	0	0	12097	1.0	0	1.0	0.0	-1.83815342602
0	0	0	0	46608	18.4041136451	1	140.149126941	0.0	-0.863359649918
0	0	0	0	24166	2.90950150552	1	24.9517599741	0.0	-1.83815342602
0	0	0	0	1524	38.2824745971	1	128.679475514	0.0	-0.99993306436
0	0	0	0	678142	2.14570090331	1	15.3710559844	0.0	-1.91827024994
0	1	0	0	576534	15.6179336531	1	51.9358030277	1.0	-1.00050521505
0	0	0	0	15013	5.82112819468	1	30.6513755898	0.0	-1.46555095181
0	1	1	0	4125	43.6262759978	1	42.4748533322	1.0	1.90014195557
0	0	0	0	10154	5.96470391435	1	63.2745759325	0.0	-1.9765176483
0	0	0	0	700951	5.74828021676	1	42.732257758	0.0	-1.71991458414
0	1	0	0	363593	5.06936795356	1	36.9036298373	0.0	-0.749170609262
0	0	0	0	430853	2.14570090331	1	15.3710559844	0.0	-1.75257996576
1	0	0	0	714802	4.43710270994	1	44.1131679533	0.0	-1.91182441427
0	1	0	0	13439	5.82112819468	1	30.6513755898	0.0	-1.49417668905
0	1	0	0	14232	6.58861786145	1	48.0904448753	0.0	-1.47725996094
1	0	0	0	712224	3.29140180662	1	29.7421119689	0.0	-1.94103337545
0	1	0	0	47340	5.43922789358	1	25.861023595	0.0	-1.53763599544
0	0	0	0	10908	3.67330210773	1	34.5324639637	0.0	-1.62732026389
0	0	0	0	529931	2.90950150552	1	24.9517599741	0.0	-1.95630289957
0	0	0	0	47918	13.2218690755	1	88.5852832071	0.0	-1.4385656053
1	0	0	0	35741	3.67330210773	1	34.5324639637	0.0	-1.75384576181
0	0	0	0	4188	11.2782416245	1	97.7064735711	0.0	-1.76754515776
0	0	0	0	12782	5.30808471642	1	53.7324463087	0.0	-1.51391078719
0	0	0	0	410197	4.89570090331	1	22.730281838	0.0	-1.77667201174
0	0	0	0	732393	12.8274538068	1	28.4995503537	1.0	-0.925464809533
0	0	0	0	351586	3.73524410639	1	42.5263440878	0.0	-0.999938943397
0	0	0	0	467037	1.3819003011	1	5.79035199481	0.0	-1.72341969026
0	1	0	0	331206	10.7725612269	1	71.1983853359	0.0	-1.54890080579
0	0	0	0	16135	1.0	0	1.0	0.0	-1.83815342602
0	0	0	0	472083	1.3819003011	1	5.79035199481	0.0	-1.83815342602
0	0	0	0	681822	10.2906112928	1	75.9802907309	1.0	-0.999650994507
0	0	0	0	619831	4.05520240883	1	39.3228159585	0.0	-1.72033390269
0	1	0	0	12697	5.06101665704	1	28.9290368961	0.0	-1.33594490178
0	0	0	0	40428	5.58280361325	1	58.4842239377	0.0	-1.83815342602
0	0	0	0	11751	7.11040481766	1	77.645631917	0.0	-1.65206013912
0	0	0	0	592405	2.90950150552	1	24.9517599741	0.0	-2.07574797813
0	0	0	0	12392	2.90950150552	1	24.9517599741	0.0	-1.91517712391
0	0	0	0	26568	5.58280361325	1	58.4842239377	0.0	-1.81759611864
0	0	0	0	440412	2.90950150552	1	24.9517599741	0.0	-1.75430630993
0	0	0	0	337899	2.14570090331	1	15.3710559844	0.0	-1.83815342602
0	0	0	0	608725	4.83570560409	1	64.8527058306	0.0	-0.999573170213
0	0	0	0	52601	3.67330210773	1	34.5324639637	0.0	-1.6301147002
0	0	0	0	437615	2.14570090331	1	15.3710559844	0.0	-2.17825171474
1	0	0	0	685181	7.06707562808	1	70.5191461373	0.0	-0.999650331731
0	0	0	0	11508	4.68564778674	1	46.847099743	0.0	-2.10476239162
0	0	0	0	357526	3.29975310315	1	37.7167049101	0.0	-1.38478194057
0	1	0	0	572197	11.2846819	1	65.3090832421	0.0	-1.2195207159
0	0	0	0	11440	2.90950150552	1	24.9517599741	0.0	-1.68321605385
0	0	0	0	322105	4.06355370536	1	47.2974088997	0.0	-1.67588228956
0	0	0	0	502035	4.05520240883	1	39.3228159585	0.0	-1.66760920419
0	1	0	0	369604	6.29492372935	1	52.9638492065	1.0	-1.37368810214
0	0	0	0	17941	2.14570090331	1	15.3710559844	0.0	-1.57800337965
0	0	0	0	11686	7.57546345055	1	15.4572923986	0.0	-1.66104626381
0	0	0	0	9372	5.03450150552	1	26.6952403703	0.0	-2.02975259269
0	0	0	0	525714	4.43710270994	1	44.1131679533	0.0	-2.15512984973
1	1	0	0	347224	10.8025347021	1	108.875137405	0.0	-1.33682059733
0	0	0	0	610779	2.90950150552	1	24.9517599741	0.0	-2.04390742892
0	0	0	0	17541	4.10879311097	1	39.3421031414	0.0	-1.68941199433
0	0	0	0	674424	4.05520240883	1	39.3228159585	0.0	-1.65222807955
0	1	0	0	578011	5.43922789358	1	25.861023595	0.0	-1.02661933473
0	0	0	0	555931	2.14570090331	1	15.3710559844	0.0	-2.16958276195
0	0	0	0	388338	2.90950150552	1	24.9517599741	0.0	-2.01675630311
0	0	0	0	11414	3.67330210773	1	34.5324639637	0.0	-1.96937297765
0	0	0	0	14339	2.14570090331	1	15.3710559844	0.0	-1.83815342602
0	0	0	0	15310	6.21137979231	1	43.4163205258	0.0	-1.15060227677
0	0	0	0	561545	3.53994688343	1	32.4760437586	0.0	-1.00005573688
0	0	0	0	10611	7.32476762622	1	77.7227806485	0.0	-1.51287249704
0	0	0	0	33292	4.05520240883	1	39.3228159585	0.0	-1.79154613996
0	1	0	0	51566	25.6813647745	1	133.225174557	1.0	-0.543215290154
0	0	0	0	44134	4.43710270994	1	44.1131679533	0.0	-1.76444146842
0	0	0	0	484932	2.52760120442	1	20.1614079792	0.0	-1.75182428397
0	0	0	0	3960	6.72850451656	1	72.8552799222	0.0	-1.83815342602
0	0	0	0	538074	2.52760120442	1	20.1614079792	0.0	-1.83815342602
0	0	0	0	16846	3.67330210773	1	34.5324639637	0.0	-1.83815342602
0	0	0	0	4393	4.05520240883	1	39.3228159585	0.0	-1.849431986
0	0	0	0	437153	6.19426787108	1	29.8518830338	0.0	-1.92126706447
0	1	0	0	721293	11.1760837067	1	105.690896458	0.0	-1.3754687429
0	1	0	0	609095	4.54207206707	1	14.2238994003	0.0	-1.00035769387
0	0	0	0	360013	3.67330210773	1	34.5324639637	0.0	-1.83815342602
0	0	0	0	492690	7.35752406245	1	52.4426586987	1.0	-0.999766513671
0	0	0	0	38496	6.50737632188	1	68.122789476	0.0	-1.35721930789
0	1	0	0	16792	10.5902612799	1	149.722552255	1.0	-0.623006637673
0	0	0	0	368708	13.3971923566	1	84.3945509534	1.0	-1.38023058913
1	0	0	0	559972	3.29975310315	1	37.7167049101	0.0	-1.94276976257
1	0	0	0	497449	17.332709653	1	160.238534451	0.0	-0.556065080467
0	1	0	0	10481	4.67542729137	1	16.2803196053	1.0	-0.628430658716
0	0	0	0	446051	6.43046726887	1	39.0760812547	0.0	-1.36272094572
0	1	0	0	10207	7.3487293991	1	49.812783569	0.0	-1.51859783692
1	0	0	0	13485	4.49069341208	1	44.1324551362	0.0	-1.70279637976
0	0	0	0	757	3.79230708677	1	72.876479688	0.0	-1.72368641318
0	0	0	0	34773	6.34660421546	1	68.0649279274	0.0	-1.83375010652
0	0	0	0	21897	4.05520240883	1	39.3228159585	0.0	-1.83815342602
0	0	0	0	585620	1.76380060221	1	10.5807039896	0.0	-2.50654321183
0	1	0	0	15076	15.3577548838	1	53.0874701045	0.0	-0.999764043058
0	0	0	0	10268	4.43710270994	1	44.1131679533	0.0	-1.64671657942
0	0	1	0	385316	6.71523363444	1	51.1277137358	0.0	0.200686844868
0	1	0	0	342598	10.8749249428	1	42.4309390568	1.0	-1.29571293039
0	0	0	0	591950	1.76380060221	1	10.5807039896	0.0	-1.73174009889
0	1	0	0	10979	49.219601825	1	68.7029636453	1.0	-0.999870388539
0	0	0	0	10189	4.81900301104	1	48.9035199481	0.0	-1.80010130608
